IPA,Arpabet,Input ids,visemes,Notes
ɑ,AA1 ,13,O,
æ,AE1,17,A,
ʌ,AH1,21,A,
ɔ,AO1,25,O,
aʊ,AW1,29,O,
ə,AH0,20,A,
ɚ,ER0,44,E,
aɪ,AY1,33,A,
ɛ,EH1,41,E,
ɝ,ER1,45,E,
eɪ,EY1,49,A,
ɪ,IH1,56,E,
ɨ,IH0,55,E,
i,IY1,60,E,
oʊ,OW1,70,O,
ɔɪ,OY1,74,O,
ʊ,UH1,84,Q,
u,UW1,88,Q,
ʉ,UW1,88,Q,
b,B,35,S,
tʃ,CH,36,S,
d,D,37,S,
ð,DH,38,S,
ɾ,ER0,44,E,ARBET can be: W IH1 N ER0
l̩,AH0 L,20 64,A S,
m̩,M,65,F,
n̩,N,66,S,
f,F,51,F,
ɡ,G,52,S,
h,HH,53,A,
dʒ,JH,62,S,
k,K,63,S,
l,L,64,S,
m,M,65,F,
n,N,66,S,
ŋ,NG,67,S,
ɾ̃,N,66,S,
p,P,76,F,
ʔ,,,-,
ɹ,R,77,Q,
s,S,78,S,
ʃ,SH,79,S,
t,T,80,S,
θ,TH,81,S,
v,V,90,F,
w,W,91,Q,
ʍ,W,91,Q,
j,Y,92,E,
z,Z,93,S,
ʒ,ZH,94,Q,